Module,Phase,Priority,Status,Date Started,Date Completed,Notes
"Module 1: Take Stock + Why Everything You Know Is Wrong","Phase 1: Foundation","Very Important ⭐⭐","Not Started","","",""
"Module 2: The PUFA Problem (The Real Enemy)","Phase 1: Foundation","MOST IMPORTANT ⭐⭐⭐","Not Started","","",""
"Module 3: The Sugar Truth (What They Got Backwards)","Phase 1: Foundation","Very Important ⭐⭐","Not Started","","",""
"Module 4: Reading Your Body Signals","Phase 2: Experimentation","MOST IMPORTANT ⭐⭐⭐","Not Started","","",""
"Module 5: PUFA Elimination Protocol","Phase 2: Experimentation","MOST IMPORTANT ⭐⭐⭐","Not Started","","",""
"Module 6: The Experiment Library","Phase 2: Experimentation","MOST IMPORTANT ⭐⭐⭐","Not Started","","",""
"Module 7: Thyroid & Hormones (Just Enough Theory)","Phase 2: Experimentation","Important ⭐","Not Started","","",""
"Module 8: Building Your Personal Protocol","Phase 3: Refinement","Very Important ⭐⭐","Not Started","","",""
"Module 9: Social Situations & Real Life","Phase 3: Refinement","Important ⭐","Not Started","","",""
"Module 10: Supplements (What Matters, What Doesn't)","Phase 3: Refinement","Important ⭐","Not Started","","",""
"Module 11: The Meditative Practice","Phase 3: Refinement","Very Important ⭐⭐","Not Started","","",""
"Module 12: Long-Term Maintenance (The 90/10 Rule)","Phase 3: Refinement","MOST IMPORTANT ⭐⭐⭐","Not Started","","",""
